Smoky BBQ,Fried Pickles,1 - Monday,4.5,4.5,2.61,49675,
Smoky BBQ,Fried Pickles,2 - Tuesday,4.5,4.5,2.61,49675,
Smoky BBQ,Fried Pickles,3 - Wednesday,4.5,4.5,2.61,49675,
Smoky BBQ,Fried Pickles,4 - Thursday,4.5,4.5,2.61,49675,
Smoky BBQ,Fried Pickles,5 - Friday,4.5,4.5,2.61,49675,
Smoky BBQ,Fried Pickles,6 - Saturday,4.5,4.5,2.61,49675,
Smoky BBQ,Fried Pickles,7 - Sunday,4.5,4.5,2.61,49675,
Smoky BBQ,Ice Tea,1 - Monday,2.25,2.25,1.98,32410,
Smoky BBQ,Ice Tea,2 - Tuesday,2.25,2.25,1.98,32410,
Smoky BBQ,Ice Tea,3 - Wednesday,2.25,2.25,1.98,32410,
Smoky BBQ,Ice Tea,4 - Thursday,2.25,2.25,1.98,32410,
Smoky BBQ,Ice Tea,5 - Friday,2.25,2.25,1.98,32410,
Smoky BBQ,Ice Tea,6 - Saturday,2.25,2.25,1.98,32410,
Smoky BBQ,Ice Tea,7 - Sunday,2.25,2.25,1.98,32410,
Smoky BBQ,Pulled Pork Sandwich,1 - Monday,16.25,16.25,14.82,25910,
Smoky BBQ,Pulled Pork Sandwich,2 - Tuesday,15.12,15.12,14.82,9743,
Smoky BBQ,Pulled Pork Sandwich,3 - Wednesday,15.72,15.72,14.82,18636,
Smoky BBQ,Pulled Pork Sandwich,4 - Thursday,16.03,16.03,14.82,29250,
Smoky BBQ,Pulled Pork Sandwich,5 - Friday,15.72,15.72,14.82,23865,
Smoky BBQ,Pulled Pork Sandwich,6 - Saturday,17.39,17.39,14.82,23030,
Smoky BBQ,Pulled Pork Sandwich,7 - Sunday,17.77,17.77,14.82,27835,
Smoky BBQ,Rack of Pork Ribs,1 - Monday,22.69,22.69,20.69,32605,
Smoky BBQ,Rack of Pork Ribs,2 - Tuesday,21.64,21.64,20.69,26557,
Smoky BBQ,Rack of Pork Ribs,3 - Wednesday,21.95,21.95,20.69,28504,
Smoky BBQ,Rack of Pork Ribs,4 - Thursday,22.38,22.38,20.69,34424,
Smoky BBQ,Rack of Pork Ribs,5 - Friday,21.95,21.95,20.69,27629,
Smoky BBQ,Rack of Pork Ribs,6 - Saturday,24.54,24.54,20.69,20022,
Smoky BBQ,Rack of Pork Ribs,7 - Sunday,24.81,24.81,20.69,35487,
Smoky BBQ,Spring Mix Salad,1 - Monday,4.5,4.5,2.61,49695,
Smoky BBQ,Spring Mix Salad,2 - Tuesday,4.5,4.5,2.61,49695,
Smoky BBQ,Spring Mix Salad,3 - Wednesday,4.5,4.5,2.61,49695,
Smoky BBQ,Spring Mix Salad,4 - Thursday,4.5,4.5,2.61,49695,
Smoky BBQ,Spring Mix Salad,5 - Friday,4.5,4.5,2.61,49695,
Smoky BBQ,Spring Mix Salad,6 - Saturday,4.5,4.5,2.61,49695,
Smoky BBQ,Spring Mix Salad,7 - Sunday,4.5,4.5,2.61,49695,
Smoky BBQ,Three Meat Plate,1 - Monday,42.91,42.91,39.52,47173,
Smoky BBQ,Three Meat Plate,2 - Tuesday,42.91,42.91,39.52,46296,
Smoky BBQ,Three Meat Plate,3 - Wednesday,42.31,42.31,39.52,52917,
Smoky BBQ,Three Meat Plate,4 - Thursday,43.11,43.11,39.52,41771,
Smoky BBQ,Three Meat Plate,5 - Friday,43.91,43.91,39.52,43741,
Smoky BBQ,Three Meat Plate,6 - Saturday,46.91,46.91,39.52,35398,
Smoky BBQ,Three Meat Plate,7 - Sunday,47.4,47.4,39.52,34902,
Smoky BBQ,Two Meat Plate,1 - Monday,40.92,40.92,37.68,52751,
Smoky BBQ,Two Meat Plate,2 - Tuesday,40.92,40.92,37.68,44690,
Smoky BBQ,Two Meat Plate,3 - Wednesday,40.35,40.35,37.68,48116,
Smoky BBQ,Two Meat Plate,4 - Thursday,41.11,41.11,37.68,46749,
Smoky BBQ,Two Meat Plate,5 - Friday,41.11,41.11,37.68,44193,
Smoky BBQ,Two Meat Plate,6 - Saturday,44.72,44.72,37.68,32662,
Smoky BBQ,Two Meat Plate,7 - Sunday,45.2,45.2,37.68,51813,
Tasty Tibs,Bottled Soda,1 - Monday,2.25,2.25,1.98,23133,
Tasty Tibs,Bottled Soda,2 - Tuesday,2.25,2.25,1.98,23133,
Tasty Tibs,Bottled Soda,3 - Wednesday,2.25,2.25,1.98,23133,
Tasty Tibs,Bottled Soda,4 - Thursday,2.25,2.25,1.98,23133,
Tasty Tibs,Bottled Soda,5 - Friday,2.25,2.25,1.98,23133,
Tasty Tibs,Bottled Soda,6 - Saturday,2.25,2.25,1.98,23133,
Tasty Tibs,Bottled Soda,7 - Sunday,2.25,2.25,1.98,23133,
Tasty Tibs,Bottled Water,1 - Monday,1.5,1.5,1.23,25985,
Tasty Tibs,Bottled Water,2 - Tuesday,1.5,1.5,1.23,25985,
Tasty Tibs,Bottled Water,3 - Wednesday,1.5,1.5,1.23,25985,
Tasty Tibs,Bottled Water,4 - Thursday,1.5,1.5,1.23,25985,
Tasty Tibs,Bottled Water,5 - Friday,1.5,1.5,1.23,25985,
Tasty Tibs,Bottled Water,6 - Saturday,1.5,1.5,1.23,25985,
Tasty Tibs,Bottled Water,7 - Sunday,1.5,1.5,1.23,25985,
Tasty Tibs,Ice Tea,1 - Monday,2.25,2.25,1.98,23133,
Tasty Tibs,Ice Tea,2 - Tuesday,2.25,2.25,1.98,23133,
Tasty Tibs,Ice Tea,3 - Wednesday,2.25,2.25,1.98,23133,
Tasty Tibs,Ice Tea,4 - Thursday,2.25,2.25,1.98,23133,
Tasty Tibs,Ice Tea,5 - Friday,2.25,2.25,1.98,23133,
Tasty Tibs,Ice Tea,6 - Saturday,2.25,2.25,1.98,23133,
Tasty Tibs,Ice Tea,7 - Sunday,2.25,2.25,1.98,23133,
Tasty Tibs,Lean Beef Tibs,1 - Monday,35.64,35.64,32.08,23812,
Tasty Tibs,Lean Beef Tibs,2 - Tuesday,34.02,34.02,32.08,24999,
Tasty Tibs,Lean Beef Tibs,3 - Wednesday,35.64,35.64,32.08,26029,
Tasty Tibs,Lean Beef Tibs,4 - Thursday,34.99,34.99,32.08,21429,
Tasty Tibs,Lean Beef Tibs,5 - Friday,34.34,34.34,32.08,25196,
Tasty Tibs,Lean Beef Tibs,6 - Saturday,38.07,38.07,32.08,17295,
Tasty Tibs,Lean Beef Tibs,7 - Sunday,38.88,38.88,32.08,22813,
Tasty Tibs,Lean Chicken Tibs,1 - Monday,12.77,12.77,11.52,18249,
Tasty Tibs,Lean Chicken Tibs,2 - Tuesday,12.48,12.48,11.52,15439,
Tasty Tibs,Lean Chicken Tibs,3 - Wednesday,12.83,12.83,11.52,19147,
Tasty Tibs,Lean Chicken Tibs,4 - Thursday,12.83,12.83,11.52,12742,
Tasty Tibs,Lean Chicken Tibs,5 - Friday,12.83,12.83,11.52,16128,
Tasty Tibs,Lean Chicken Tibs,6 - Saturday,13.96,13.96,11.52,13055,
Tasty Tibs,Lean Chicken Tibs,7 - Sunday,14.11,14.11,11.52,13351,
Tasty Tibs,Veggie Combo,1 - Monday,7.26,7.26,6.48,18194,
Tasty Tibs,Veggie Combo,2 - Tuesday,6.92,6.92,6.48,7801,
Tasty Tibs,Veggie Combo,3 - Wednesday,7.29,7.29,6.48,16154,
Le Coin des Crêpes,Bottled Soda,4 - Thursday,2.25,2.25,1.98,16646,
Le Coin des Crêpes,Bottled Soda,5 - Friday,2.25,2.25,1.98,16646,
Le Coin des Crêpes,Bottled Soda,6 - Saturday,2.25,2.25,1.98,16646,
Le Coin des Crêpes,Bottled Soda,7 - Sunday,2.25,2.25,1.98,16646,
Le Coin des Crêpes,Bottled Water,1 - Monday,1.5,1.5,1.23,18347,
Le Coin des Crêpes,Bottled Water,2 - Tuesday,1.5,1.5,1.23,18347,
Le Coin des Crêpes,Bottled Water,3 - Wednesday,1.5,1.5,1.23,18347,
Le Coin des Crêpes,Bottled Water,4 - Thursday,1.5,1.5,1.23,18347,
Le Coin des Crêpes,Bottled Water,5 - Friday,1.5,1.5,1.23,18347,
Le Coin des Crêpes,Bottled Water,6 - Saturday,1.5,1.5,1.23,18347,
Le Coin des Crêpes,Bottled Water,7 - Sunday,1.5,1.5,1.23,18347,
Le Coin des Crêpes,Breakfast Crepe,1 - Monday,9.45,9.45,8.73,9397,
Le Coin des Crêpes,Breakfast Crepe,2 - Tuesday,9.23,9.23,8.73,7586,
Le Coin des Crêpes,Breakfast Crepe,3 - Wednesday,9.36,9.36,8.73,10243,
Le Coin des Crêpes,Breakfast Crepe,4 - Thursday,9,9,8.73,4550,
Le Coin des Crêpes,Breakfast Crepe,5 - Friday,9.18,9.18,8.73,5972,
Le Coin des Crêpes,Breakfast Crepe,6 - Saturday,10.35,10.35,8.73,6710,
Le Coin des Crêpes,Breakfast Crepe,7 - Sunday,10.46,10.46,8.73,6812,
Le Coin des Crêpes,Chicken Pot Pie Crepe,1 - Monday,12.1,12.1,10.91,7496,
Le Coin des Crêpes,Chicken Pot Pie Crepe,2 - Tuesday,11.54,11.54,10.91,8536,
Le Coin des Crêpes,Chicken Pot Pie Crepe,3 - Wednesday,11.7,11.7,10.91,10625,
Le Coin des Crêpes,Chicken Pot Pie Crepe,4 - Thursday,11.25,11.25,10.91,4954,
Le Coin des Crêpes,Chicken Pot Pie Crepe,5 - Friday,11.48,11.48,10.91,9895,
Le Coin des Crêpes,Chicken Pot Pie Crepe,6 - Saturday,12.94,12.94,10.91,8117,
Le Coin des Crêpes,Chicken Pot Pie Crepe,7 - Sunday,13.08,13.08,10.91,5972,
Le Coin des Crêpes,Crepe Suzette,1 - Monday,6.75,6.75,6.48,10380,
Le Coin des Crêpes,Crepe Suzette,2 - Tuesday,6.75,6.75,6.48,10380,
Le Coin des Crêpes,Crepe Suzette,3 - Wednesday,6.75,6.75,6.48,10380,
Le Coin des Crêpes,Crepe Suzette,4 - Thursday,6.75,6.75,6.48,10380,
Le Coin des Crêpes,Crepe Suzette,5 - Friday,6.75,6.75,6.48,10380,
Le Coin des Crêpes,Crepe Suzette,6 - Saturday,6.75,6.75,6.48,10380,
Le Coin des Crêpes,Crepe Suzette,7 - Sunday,6.75,6.75,6.48,10380,
Le Coin des Crêpes,Ice Tea,1 - Monday,2.25,2.25,1.98,16506,
Le Coin des Crêpes,Ice Tea,2 - Tuesday,2.25,2.25,1.98,16506,
Le Coin des Crêpes,Ice Tea,3 - Wednesday,2.25,2.25,1.98,16506,
Le Coin des Crêpes,Ice Tea,4 - Thursday,2.25,2.25,1.98,16506,
Le Coin des Crêpes,Ice Tea,5 - Friday,2.25,2.25,1.98,16506,
Le Coin des Crêpes,Ice Tea,6 - Saturday,2.25,2.25,1.98,16506,
Le Coin des Crêpes,Ice Tea,7 - Sunday,2.25,2.25,1.98,16506,
Nani's Kitchen,Bottled Soda,1 - Monday,2.25,2.25,1.98,31605,
Nani's Kitchen,Bottled Soda,2 - Tuesday,2.25,2.25,1.98,31605,
Nani's Kitchen,Bottled Soda,3 - Wednesday,2.25,2.25,1.98,31605,
Nani's Kitchen,Bottled Soda,4 - Thursday,2.25,2.25,1.98,31605,
Nani's Kitchen,Bottled Soda,5 - Friday,2.25,2.25,1.98,31605,
Nani's Kitchen,Bottled Soda,6 - Saturday,2.25,2.25,1.98,31605,
Nani's Kitchen,Bottled Soda,7 - Sunday,2.25,2.25,1.98,31605,
Nani's Kitchen,Bottled Water,1 - Monday,1.5,1.5,1.23,35195,
Nani's Kitchen,Bottled Water,2 - Tuesday,1.5,1.5,1.23,35195,
Nani's Kitchen,Bottled Water,3 - Wednesday,1.5,1.5,1.23,35195,
Nani's Kitchen,Bottled Water,4 - Thursday,1.5,1.5,1.23,35195,
Nani's Kitchen,Bottled Water,5 - Friday,1.5,1.5,1.23,35195,
Nani's Kitchen,Bottled Water,6 - Saturday,1.5,1.5,1.23,35195,
Nani's Kitchen,Bottled Water,7 - Sunday,1.5,1.5,1.23,35195,
Nani's Kitchen,Combination Curry,1 - Monday,20.63,20.63,17.97,25665,
Nani's Kitchen,Combination Curry,2 - Tuesday,19.71,19.71,17.97,24916,
Nani's Kitchen,Combination Curry,3 - Wednesday,20.54,20.54,17.97,21655,
Nani's Kitchen,Combination Curry,4 - Thursday,19.8,19.8,17.97,25032,
Nani's Kitchen,Combination Curry,5 - Friday,20.54,20.54,17.97,17383,
Nani's Kitchen,Combination Curry,6 - Saturday,21.78,21.78,17.97,12100,
Nani's Kitchen,Combination Curry,7 - Sunday,22.01,22.01,17.97,25929,
Nani's Kitchen,Ice Tea,1 - Monday,2.25,2.25,1.98,31680,
Nani's Kitchen,Ice Tea,2 - Tuesday,2.25,2.25,1.98,31680,
Nani's Kitchen,Ice Tea,3 - Wednesday,2.25,2.25,1.98,31680,
Nani's Kitchen,Ice Tea,4 - Thursday,2.25,2.25,1.98,31680,
Nani's Kitchen,Ice Tea,5 - Friday,2.25,2.25,1.98,31680,
Nani's Kitchen,Ice Tea,6 - Saturday,2.25,2.25,1.98,31680,
Nani's Kitchen,Ice Tea,7 - Sunday,2.25,2.25,1.98,31680,
Nani's Kitchen,Lean Chicken Tikka Masala,1 - Monday,19.36,19.36,16.87,22833,
Nani's Kitchen,Lean Chicken Tikka Masala,2 - Tuesday,18.5,18.5,16.87,21707,
Nani's Kitchen,Lean Chicken Tikka Masala,3 - Wednesday,19.27,19.27,16.87,22808,
Nani's Kitchen,Lean Chicken Tikka Masala,4 - Thursday,18.59,18.59,16.87,25232,
Nani's Kitchen,Lean Chicken Tikka Masala,5 - Friday,19.27,19.27,16.87,18660,
Nani's Kitchen,Lean Chicken Tikka Masala,6 - Saturday,20.43,20.43,16.87,13763,
Nani's Kitchen,Lean Chicken Tikka Masala,7 - Sunday,20.43,20.43,16.87,23907,
Nani's Kitchen,Tandoori Mixed Grill,1 - Monday,45.42,45.42,39.1,34793,
Nani's Kitchen,Tandoori Mixed Grill,2 - Tuesday,42.45,42.45,39.1,33161,
Nani's Kitchen,Tandoori Mixed Grill,3 - Wednesday,44.23,44.23,39.1,28851,
Nani's Kitchen,Tandoori Mixed Grill,4 - Thursday,42.65,42.65,39.1,35429,
Nani's Kitchen,Tandoori Mixed Grill,5 - Friday,44.23,44.23,39.1,24873,
Nani's Kitchen,Tandoori Mixed Grill,6 - Saturday,46.9,46.9,39.1,17261,
Nani's Kitchen,Tandoori Mixed Grill,7 - Sunday,47.39,47.39,39.1,40528,
Not the Wurst Hot Dogs,Bottled Soda,1 - Monday,2.25,2.25,1.98,10209,
Not the Wurst Hot Dogs,Bottled Soda,2 - Tuesday,2.25,2.25,1.98,10209,
Not the Wurst Hot Dogs,Bottled Soda,3 - Wednesday,2.25,2.25,1.98,10209,
Not the Wurst Hot Dogs,Bottled Soda,4 - Thursday,2.25,2.25,1.98,10209,
Not the Wurst Hot Dogs,Bottled Soda,5 - Friday,2.25,2.25,1.98,10209,
Not the Wurst Hot Dogs,Bottled Soda,6 - Saturday,2.25,2.25,1.98,10209,
Not the Wurst Hot Dogs,Bottled Soda,7 - Sunday,2.25,2.25,1.98,10209,
Better Off Bread,Bottled Soda,1 - Monday,2.25,2.25,1.98,12460,
Better Off Bread,Bottled Soda,2 - Tuesday,2.25,2.25,1.98,12460,
Better Off Bread,Bottled Soda,3 - Wednesday,2.25,2.25,1.98,12460,
Better Off Bread,Bottled Soda,4 - Thursday,2.25,2.25,1.98,12460,
Better Off Bread,Bottled Soda,5 - Friday,2.25,2.25,1.98,12460,
Better Off Bread,Bottled Soda,6 - Saturday,2.25,2.25,1.98,12460,
Better Off Bread,Bottled Soda,7 - Sunday,2.25,2.25,1.98,12460,
Better Off Bread,Bottled Water,1 - Monday,1.5,1.5,1.23,13691,
Better Off Bread,Bottled Water,2 - Tuesday,1.5,1.5,1.23,13691,
Better Off Bread,Bottled Water,3 - Wednesday,1.5,1.5,1.23,13691,
Better Off Bread,Bottled Water,4 - Thursday,1.5,1.5,1.23,13691,
Better Off Bread,Bottled Water,5 - Friday,1.5,1.5,1.23,13691,
Better Off Bread,Bottled Water,6 - Saturday,1.5,1.5,1.23,13691,
Better Off Bread,Bottled Water,7 - Sunday,1.5,1.5,1.23,13691,
Better Off Bread,Hot Ham & Cheese,1 - Monday,8.87,8.87,7.92,6765,
Better Off Bread,Hot Ham & Cheese,2 - Tuesday,8.66,8.66,7.92,5498,
Better Off Bread,Hot Ham & Cheese,3 - Wednesday,8.58,8.58,7.92,4724,
Better Off Bread,Hot Ham & Cheese,4 - Thursday,8.58,8.58,7.92,4724,
Better Off Bread,Hot Ham & Cheese,5 - Friday,8.58,8.58,7.92,5377,
Better Off Bread,Hot Ham & Cheese,6 - Saturday,9.49,9.49,7.92,4245,
Better Off Bread,Hot Ham & Cheese,7 - Sunday,9.49,9.49,7.92,6797,
Better Off Bread,Ice Tea,1 - Monday,2.25,2.25,1.98,12274,
Better Off Bread,Ice Tea,2 - Tuesday,2.25,2.25,1.98,12274,
Better Off Bread,Ice Tea,3 - Wednesday,2.25,2.25,1.98,12274,
Better Off Bread,Ice Tea,4 - Thursday,2.25,2.25,1.98,12274,
Better Off Bread,Ice Tea,5 - Friday,2.25,2.25,1.98,12274,
Better Off Bread,Ice Tea,6 - Saturday,2.25,2.25,1.98,12274,
Better Off Bread,Ice Tea,7 - Sunday,2.25,2.25,1.98,12274,
Better Off Bread,Italian,1 - Monday,11.08,11.08,10,8985,
Better Off Bread,Italian,2 - Tuesday,10.83,10.83,10,10308,
Better Off Bread,Italian,3 - Wednesday,10.72,10.72,10,9794,
Better Off Bread,Italian,4 - Thursday,10.72,10.72,10,9301,
Better Off Bread,Italian,5 - Friday,10.72,10.72,10,7513,
Better Off Bread,Italian,6 - Saturday,11.99,11.99,10,3034,
Better Off Bread,Italian,7 - Sunday,11.86,11.86,10,6565,
Better Off Bread,Pastrami,1 - Monday,10.23,10.23,9.45,10082,
Better Off Bread,Pastrami,2 - Tuesday,10.23,10.23,9.45,9882,
Better Off Bread,Pastrami,3 - Wednesday,10.13,10.13,9.45,9242,
Better Off Bread,Pastrami,4 - Thursday,10.32,10.32,9.45,9175,
Better Off Bread,Pastrami,5 - Friday,10.32,10.32,9.45,10310,
Better Off Bread,Pastrami,6 - Saturday,11.2,11.2,9.45,4194,
Better Off Bread,Pastrami,7 - Sunday,11.32,11.32,9.45,5556,
Cheeky Greek,Bottled Soda,1 - Monday,2.25,2.25,1.98,33487,
Cheeky Greek,Bottled Soda,2 - Tuesday,2.25,2.25,1.98,33487,
Cheeky Greek,Bottled Soda,3 - Wednesday,2.25,2.25,1.98,33487,
Cheeky Greek,Bottled Soda,4 - Thursday,2.25,2.25,1.98,33487,
Cheeky Greek,Bottled Soda,5 - Friday,2.25,2.25,1.98,33487,
Cheeky Greek,Bottled Soda,6 - Saturday,2.25,2.25,1.98,33487,
Cheeky Greek,Bottled Soda,7 - Sunday,2.25,2.25,1.98,33487,
Cheeky Greek,Bottled Water,1 - Monday,1.5,1.5,1.23,37188,
Cheeky Greek,Bottled Water,2 - Tuesday,1.5,1.5,1.23,37188,
Cheeky Greek,Bottled Water,3 - Wednesday,1.5,1.5,1.23,37188,
Cheeky Greek,Bottled Water,4 - Thursday,1.5,1.5,1.23,37188,
Cheeky Greek,Bottled Water,5 - Friday,1.5,1.5,1.23,37188,
Cheeky Greek,Bottled Water,6 - Saturday,1.5,1.5,1.23,37188,
Cheeky Greek,Bottled Water,7 - Sunday,1.5,1.5,1.23,37188,
Cheeky Greek,Greek Salad,1 - Monday,8.25,8.25,7.59,26864,
Cheeky Greek,Greek Salad,2 - Tuesday,8.25,8.25,7.59,26864,
Cheeky Greek,Greek Salad,3 - Wednesday,8.25,8.25,7.59,26864,
Cheeky Greek,Greek Salad,4 - Thursday,8.25,8.25,7.59,26864,
Cheeky Greek,Greek Salad,5 - Friday,8.25,8.25,7.59,26864,
Cheeky Greek,Greek Salad,6 - Saturday,8.25,8.25,7.59,26864,
Cheeky Greek,Greek Salad,7 - Sunday,8.25,8.25,7.59,26864,
Cheeky Greek,Gyro Plate,1 - Monday,13.16,13.16,11.87,26859,
Cheeky Greek,Gyro Plate,2 - Tuesday,12.85,12.85,11.87,25543,
Cheeky Greek,Gyro Plate,3 - Wednesday,12.97,12.97,11.87,24931,
Cheeky Greek,Gyro Plate,4 - Thursday,12.97,12.97,11.87,19682,
Cheeky Greek,Gyro Plate,5 - Friday,13.22,13.22,11.87,24231,
Cheeky Greek,Gyro Plate,6 - Saturday,14.08,14.08,11.87,17415,
Cheeky Greek,Gyro Plate,7 - Sunday,14.23,14.23,11.87,17888,
Cheeky Greek,Ice Tea,1 - Monday,2.25,2.25,1.98,33089,
Cheeky Greek,Ice Tea,2 - Tuesday,2.25,2.25,1.98,33089,
Cheeky Greek,Ice Tea,3 - Wednesday,2.25,2.25,1.98,33089,
Cheeky Greek,Ice Tea,4 - Thursday,2.25,2.25,1.98,33089,
Cheeky Greek,Ice Tea,5 - Friday,2.25,2.25,1.98,33089,
Cheeky Greek,Ice Tea,6 - Saturday,2.25,2.25,1.98,33089,
Cheeky Greek,Ice Tea,7 - Sunday,2.25,2.25,1.98,33089,
Cheeky Greek,The King Combo,1 - Monday,43.84,43.84,40.37,37182,
Cheeky Greek,The King Combo,2 - Tuesday,42.82,42.82,40.37,36668,
Cheeky Greek,The King Combo,3 - Wednesday,43.23,43.23,40.37,40233,
Cheeky Greek,The King Combo,4 - Thursday,44.04,44.04,40.37,36344,
Cheeky Greek,The King Combo,5 - Friday,44.04,44.04,40.37,38436,
Cheeky Greek,The King Combo,6 - Saturday,47.92,47.92,40.37,24476,
Cheeky Greek,The King Combo,7 - Sunday,47.92,47.92,40.37,25546,
Freezing Point,Bottled Soda,1 - Monday,2.25,2.25,1.98,17671,
Freezing Point,Bottled Soda,2 - Tuesday,2.25,2.25,1.98,17671,
Freezing Point,Bottled Soda,3 - Wednesday,2.25,2.25,1.98,17671,
Guac n' Roll,Fish Burrito,1 - Monday,10.32,10.32,9.1,17075,
Guac n' Roll,Fish Burrito,2 - Tuesday,10.09,10.09,9.1,17150,
Guac n' Roll,Fish Burrito,3 - Wednesday,9.94,9.94,9.1,14019,
Guac n' Roll,Fish Burrito,4 - Thursday,9.94,9.94,9.1,15276,
Guac n' Roll,Fish Burrito,5 - Friday,10.13,10.13,9.1,10127,
Guac n' Roll,Fish Burrito,6 - Saturday,11.03,11.03,8.82,11948,
Guac n' Roll,Fish Burrito,7 - Sunday,11.03,11.03,8.82,17265,
Guac n' Roll,Ice Tea,1 - Monday,2.25,2.25,1.98,18109,
Guac n' Roll,Ice Tea,2 - Tuesday,2.25,2.25,1.98,18109,
Guac n' Roll,Ice Tea,3 - Wednesday,2.25,2.25,1.98,18109,
Guac n' Roll,Ice Tea,4 - Thursday,2.25,2.25,1.98,18109,
Guac n' Roll,Ice Tea,5 - Friday,2.25,2.25,1.98,18109,
Guac n' Roll,Ice Tea,6 - Saturday,2.25,2.25,1.98,18109,
Guac n' Roll,Ice Tea,7 - Sunday,2.25,2.25,1.98,18109,
Guac n' Roll,Lean Burrito Bowl,1 - Monday,10.32,10.32,9.1,16993,
Guac n' Roll,Lean Burrito Bowl,2 - Tuesday,10.09,10.09,9.1,17052,
Guac n' Roll,Lean Burrito Bowl,3 - Wednesday,9.94,9.94,9.1,15787,
Guac n' Roll,Lean Burrito Bowl,4 - Thursday,9.94,9.94,9.1,15148,
Guac n' Roll,Lean Burrito Bowl,5 - Friday,10.13,10.13,9.1,9695,
Guac n' Roll,Lean Burrito Bowl,6 - Saturday,11.03,11.03,8.82,11956,
Guac n' Roll,Lean Burrito Bowl,7 - Sunday,11.03,11.03,8.82,16445,
Guac n' Roll,Three Taco Combo Plate,1 - Monday,21.63,21.63,19.27,20712,
Guac n' Roll,Three Taco Combo Plate,2 - Tuesday,20.65,20.65,19.27,16780,
Guac n' Roll,Three Taco Combo Plate,3 - Wednesday,20.84,20.84,19.27,16806,
Guac n' Roll,Three Taco Combo Plate,4 - Thursday,20.84,20.84,19.27,18158,
Guac n' Roll,Three Taco Combo Plate,5 - Friday,21.23,21.23,19.27,16571,
Guac n' Roll,Three Taco Combo Plate,6 - Saturday,23.35,23.35,19.27,12942,
Guac n' Roll,Three Taco Combo Plate,7 - Sunday,23.1,23.1,19.27,16601,
Guac n' Roll,Two Taco Combo Plate,1 - Monday,26.05,26.05,22.5,28447,
Guac n' Roll,Two Taco Combo Plate,2 - Tuesday,25.46,25.46,22.5,28298,
Guac n' Roll,Two Taco Combo Plate,3 - Wednesday,26.05,26.05,22.5,27251,
Guac n' Roll,Two Taco Combo Plate,4 - Thursday,25.58,25.58,22.5,21313,
Guac n' Roll,Two Taco Combo Plate,5 - Friday,26.05,26.05,22.5,17948,
Guac n' Roll,Two Taco Combo Plate,6 - Saturday,28.12,28.12,23.21,14836,
Guac n' Roll,Two Taco Combo Plate,7 - Sunday,28.12,28.12,23.21,25401,
Guac n' Roll,Veggie Taco Bowl,1 - Monday,8.06,8.06,7.2,19300,
Guac n' Roll,Veggie Taco Bowl,2 - Tuesday,7.88,7.88,7.2,13098,
Guac n' Roll,Veggie Taco Bowl,3 - Wednesday,7.95,7.95,7.2,14404,
Guac n' Roll,Veggie Taco Bowl,4 - Thursday,7.95,7.95,7.2,11742,
Guac n' Roll,Veggie Taco Bowl,5 - Friday,7.95,7.95,7.2,14663,
Guac n' Roll,Veggie Taco Bowl,6 - Saturday,8.82,8.82,7.2,10972,
Guac n' Roll,Veggie Taco Bowl,7 - Sunday,8.82,8.82,5.48,15278,
Kitakata Ramen Bar,Bottled Soda,1 - Monday,2.25,2.25,1.98,17642,
Kitakata Ramen Bar,Bottled Soda,2 - Tuesday,2.25,2.25,1.98,17642,
Kitakata Ramen Bar,Bottled Soda,3 - Wednesday,2.25,2.25,1.98,17642,
Kitakata Ramen Bar,Bottled Soda,4 - Thursday,2.25,2.25,1.98,17642,
Kitakata Ramen Bar,Bottled Soda,5 - Friday,2.25,2.25,1.98,17642,
Kitakata Ramen Bar,Bottled Soda,6 - Saturday,2.25,2.25,1.98,17642,
Kitakata Ramen Bar,Bottled Soda,7 - Sunday,2.25,2.25,1.98,17642,
Kitakata Ramen Bar,Bottled Water,1 - Monday,1.5,1.5,1.23,19721,
Kitakata Ramen Bar,Bottled Water,2 - Tuesday,1.5,1.5,1.23,19721,
Kitakata Ramen Bar,Bottled Water,3 - Wednesday,1.5,1.5,1.23,19721,
Kitakata Ramen Bar,Bottled Water,4 - Thursday,1.5,1.5,1.23,19721,
Kitakata Ramen Bar,Bottled Water,5 - Friday,1.5,1.5,1.23,19721,
Kitakata Ramen Bar,Bottled Water,6 - Saturday,1.5,1.5,1.23,19721,
Kitakata Ramen Bar,Bottled Water,7 - Sunday,1.5,1.5,1.23,19721,
Kitakata Ramen Bar,Creamy Chicken Ramen,1 - Monday,13.59,13.59,12.55,11750,
Kitakata Ramen Bar,Creamy Chicken Ramen,2 - Tuesday,13.59,13.59,12.55,12131,
Kitakata Ramen Bar,Creamy Chicken Ramen,3 - Wednesday,13.46,13.46,12.55,10212,
Kitakata Ramen Bar,Creamy Chicken Ramen,4 - Thursday,12.94,12.94,12.55,7022,
Kitakata Ramen Bar,Creamy Chicken Ramen,5 - Friday,13.2,13.2,12.55,11118,
Kitakata Ramen Bar,Creamy Chicken Ramen,6 - Saturday,14.88,14.88,12.55,9912,
Kitakata Ramen Bar,Creamy Chicken Ramen,7 - Sunday,14.4,14.4,12.55,9568,
Kitakata Ramen Bar,Ice Tea,1 - Monday,2.25,2.25,1.98,17589,
Kitakata Ramen Bar,Ice Tea,2 - Tuesday,2.25,2.25,1.98,17589,
Kitakata Ramen Bar,Ice Tea,3 - Wednesday,2.25,2.25,1.98,17589,
Kitakata Ramen Bar,Ice Tea,4 - Thursday,2.25,2.25,1.98,17589,
Kitakata Ramen Bar,Ice Tea,5 - Friday,2.25,2.25,1.98,17589,
Kitakata Ramen Bar,Ice Tea,6 - Saturday,2.25,2.25,1.98,17589,
Kitakata Ramen Bar,Ice Tea,7 - Sunday,2.25,2.25,1.98,17589,
Kitakata Ramen Bar,Spicy Miso Vegetable Ramen,1 - Monday,12.94,12.94,12.55,6688,
Kitakata Ramen Bar,Spicy Miso Vegetable Ramen,2 - Tuesday,12.94,12.94,12.55,5845,
Kitakata Ramen Bar,Spicy Miso Vegetable Ramen,3 - Wednesday,13.46,13.46,12.55,12143,
Kitakata Ramen Bar,Spicy Miso Vegetable Ramen,4 - Thursday,12.94,12.94,12.55,6800,
Kitakata Ramen Bar,Spicy Miso Vegetable Ramen,5 - Friday,13.2,13.2,12.55,12101,
Kitakata Ramen Bar,Spicy Miso Vegetable Ramen,6 - Saturday,14.4,14.4,12.55,11914,
Kitakata Ramen Bar,Spicy Miso Vegetable Ramen,7 - Sunday,14.88,14.88,12.55,12133,
Kitakata Ramen Bar,Tonkotsu Ramen,1 - Monday,15.08,15.08,14.07,10074,
Kitakata Ramen Bar,Tonkotsu Ramen,2 - Tuesday,15.08,15.08,14.07,10260,
Kitakata Ramen Bar,Tonkotsu Ramen,3 - Wednesday,14.94,14.94,14.07,9527,
Kitakata Ramen Bar,Tonkotsu Ramen,4 - Thursday,14.36,14.36,14.07,4522,
Kitakata Ramen Bar,Tonkotsu Ramen,5 - Friday,14.65,14.65,14.07,10608,
Kitakata Ramen Bar,Tonkotsu Ramen,6 - Saturday,15.97,15.97,14.07,10152,
Kitakata Ramen Bar,Tonkotsu Ramen,7 - Sunday,16.51,16.51,14.07,8204,
Le Coin des Crêpes,Bottled Soda,1 - Monday,2.25,2.25,1.98,16646,
Le Coin des Crêpes,Bottled Soda,2 - Tuesday,2.25,2.25,1.98,16646,
Le Coin des Crêpes,Bottled Soda,3 - Wednesday,2.25,2.25,1.98,16646,
Not the Wurst Hot Dogs,Bottled Water,1 - Monday,1.5,1.5,1.23,11287,
Not the Wurst Hot Dogs,Bottled Water,2 - Tuesday,1.5,1.5,1.23,11287,
Not the Wurst Hot Dogs,Bottled Water,3 - Wednesday,1.5,1.5,1.23,11287,
Not the Wurst Hot Dogs,Bottled Water,4 - Thursday,1.5,1.5,1.23,11287,
Not the Wurst Hot Dogs,Bottled Water,5 - Friday,1.5,1.5,1.23,11287,
Not the Wurst Hot Dogs,Bottled Water,6 - Saturday,1.5,1.5,1.23,11287,
Not the Wurst Hot Dogs,Bottled Water,7 - Sunday,1.5,1.5,1.23,11287,
Not the Wurst Hot Dogs,Chicago Dog,1 - Monday,7.43,7.43,6.48,9285,
Not the Wurst Hot Dogs,Chicago Dog,2 - Tuesday,7.26,7.26,6.48,8773,
Not the Wurst Hot Dogs,Chicago Dog,3 - Wednesday,7.43,7.43,6.48,6628,
Not the Wurst Hot Dogs,Chicago Dog,4 - Thursday,7.29,7.29,6.48,7232,
Not the Wurst Hot Dogs,Chicago Dog,5 - Friday,7.29,7.29,6.48,7150,
Not the Wurst Hot Dogs,Chicago Dog,6 - Saturday,7.93,7.93,6.48,5398,
Not the Wurst Hot Dogs,Chicago Dog,7 - Sunday,7.93,7.93,6.48,8136,
Not the Wurst Hot Dogs,Coney Dog,1 - Monday,8.25,8.25,7.2,9189,
Not the Wurst Hot Dogs,Coney Dog,2 - Tuesday,8.06,8.06,7.2,9501,
Not the Wurst Hot Dogs,Coney Dog,3 - Wednesday,8.25,8.25,7.2,7567,
Not the Wurst Hot Dogs,Coney Dog,4 - Thursday,8.1,8.1,7.2,7588,
Not the Wurst Hot Dogs,Coney Dog,5 - Friday,8.1,8.1,7.2,8552,
Not the Wurst Hot Dogs,Coney Dog,6 - Saturday,8.82,8.82,7.2,4321,
Not the Wurst Hot Dogs,Coney Dog,7 - Sunday,8.82,8.82,7.2,6970,
Not the Wurst Hot Dogs,Ice Tea,1 - Monday,2.25,2.25,1.98,10073,
Not the Wurst Hot Dogs,Ice Tea,2 - Tuesday,2.25,2.25,1.98,10073,
Not the Wurst Hot Dogs,Ice Tea,3 - Wednesday,2.25,2.25,1.98,10073,
Not the Wurst Hot Dogs,Ice Tea,4 - Thursday,2.25,2.25,1.98,10073,
Not the Wurst Hot Dogs,Ice Tea,5 - Friday,2.25,2.25,1.98,10073,
Not the Wurst Hot Dogs,Ice Tea,6 - Saturday,2.25,2.25,1.98,10073,
Not the Wurst Hot Dogs,Ice Tea,7 - Sunday,2.25,2.25,1.98,10073,
Not the Wurst Hot Dogs,New York Dog,1 - Monday,6.45,6.45,5.7,6837,
Not the Wurst Hot Dogs,New York Dog,2 - Tuesday,6.45,6.45,5.7,7014,
Not the Wurst Hot Dogs,New York Dog,3 - Wednesday,6.6,6.6,5.7,5046,
Not the Wurst Hot Dogs,New York Dog,4 - Thursday,6.48,6.48,5.7,5578,
Not the Wurst Hot Dogs,New York Dog,5 - Friday,6.36,6.36,5.7,5068,
Not the Wurst Hot Dogs,New York Dog,6 - Saturday,7.05,7.05,5.7,5180,
Not the Wurst Hot Dogs,New York Dog,7 - Sunday,7.05,7.05,5.7,6295,
Peking Truck,Bottled Soda,1 - Monday,2.25,2.25,1.98,38630,
Peking Truck,Bottled Soda,2 - Tuesday,2.25,2.25,1.98,38630,
Peking Truck,Bottled Soda,3 - Wednesday,2.25,2.25,1.98,38630,
Peking Truck,Bottled Soda,4 - Thursday,2.25,2.25,1.98,38630,
Peking Truck,Bottled Soda,5 - Friday,2.25,2.25,1.98,38630,
Peking Truck,Bottled Soda,6 - Saturday,2.25,2.25,1.98,38630,
Peking Truck,Bottled Soda,7 - Sunday,2.25,2.25,1.98,38630,
Peking Truck,Bottled Water,1 - Monday,1.5,1.5,1.23,43384,
Peking Truck,Bottled Water,2 - Tuesday,1.5,1.5,1.23,43384,
Peking Truck,Bottled Water,3 - Wednesday,1.5,1.5,1.23,43384,
Peking Truck,Bottled Water,4 - Thursday,1.5,1.5,1.23,43384,
Peking Truck,Bottled Water,5 - Friday,1.5,1.5,1.23,43384,
Peking Truck,Bottled Water,6 - Saturday,1.5,1.5,1.23,43384,
Peking Truck,Bottled Water,7 - Sunday,1.5,1.5,1.23,43384,
Peking Truck,Combo Fried Rice,1 - Monday,42.85,42.85,38.56,46644,
Peking Truck,Combo Fried Rice,2 - Tuesday,41.88,41.88,38.56,47410,
Peking Truck,Combo Fried Rice,3 - Wednesday,42.85,42.85,38.56,41349,
Peking Truck,Combo Fried Rice,4 - Thursday,42.85,42.85,38.56,49605,
Peking Truck,Combo Fried Rice,5 - Friday,41.29,41.29,38.56,50951,
Peking Truck,Combo Fried Rice,6 - Saturday,46.25,46.25,38.56,33331,
Peking Truck,Combo Fried Rice,7 - Sunday,46.25,46.25,38.56,53285,
Peking Truck,Combo Lo Mein,1 - Monday,39.22,39.22,35.29,47918,
Peking Truck,Combo Lo Mein,2 - Tuesday,38.33,38.33,35.29,48804,
Peking Truck,Combo Lo Mein,3 - Wednesday,39.22,39.22,35.29,40512,
Peking Truck,Combo Lo Mein,4 - Thursday,39.22,39.22,35.29,44405,
Peking Truck,Combo Lo Mein,5 - Friday,37.79,37.79,35.29,47773,
Peking Truck,Combo Lo Mein,6 - Saturday,41.89,41.89,35.29,33737,
Peking Truck,Combo Lo Mein,7 - Sunday,42.34,42.34,35.29,46380,
Peking Truck,Ice Tea,1 - Monday,2.25,2.25,1.98,38426,
Peking Truck,Ice Tea,2 - Tuesday,2.25,2.25,1.98,38426,
Peking Truck,Ice Tea,3 - Wednesday,2.25,2.25,1.98,38426,
Peking Truck,Ice Tea,4 - Thursday,2.25,2.25,1.98,38426,
Peking Truck,Ice Tea,5 - Friday,2.25,2.25,1.98,38426,
Peking Truck,Ice Tea,6 - Saturday,2.25,2.25,1.98,38426,
Peking Truck,Ice Tea,7 - Sunday,2.25,2.25,1.98,38426,
Peking Truck,Wonton Soup,1 - Monday,10.04,10.04,9.27,15557,
Peking Truck,Wonton Soup,2 - Tuesday,10.04,10.04,9.27,18580,
Peking Truck,Wonton Soup,3 - Wednesday,9.94,9.94,9.27,19384,
Peking Truck,Wonton Soup,4 - Thursday,9.75,9.75,9.27,11197,
Peking Truck,Wonton Soup,5 - Friday,9.75,9.75,9.27,15994,
Peking Truck,Wonton Soup,6 - Saturday,10.99,10.99,8.8,19707,
Peking Truck,Wonton Soup,7 - Sunday,10.99,10.99,8.8,23021,
Plant Palace,Bottled Soda,1 - Monday,2.25,2.25,1.98,13741,
Plant Palace,Bottled Soda,2 - Tuesday,2.25,2.25,1.98,13741,
Plant Palace,Bottled Soda,3 - Wednesday,2.25,2.25,1.98,13741,
Plant Palace,Bottled Soda,4 - Thursday,2.25,2.25,1.98,13741,
Plant Palace,Bottled Soda,5 - Friday,2.25,2.25,1.98,13741,
Plant Palace,Bottled Soda,6 - Saturday,2.25,2.25,1.98,13741,
Plant Palace,Bottled Soda,7 - Sunday,2.25,2.25,1.98,13741,
Plant Palace,Bottled Water,1 - Monday,1.5,1.5,1.23,15303,
Plant Palace,Bottled Water,2 - Tuesday,1.5,1.5,1.23,15303,
Plant Palace,Bottled Water,3 - Wednesday,1.5,1.5,1.23,15303,
Freezing Point,Bottled Soda,4 - Thursday,2.25,2.25,1.98,17671,
Freezing Point,Bottled Soda,5 - Friday,2.25,2.25,1.98,17671,
Freezing Point,Bottled Soda,6 - Saturday,2.25,2.25,1.98,17671,
Freezing Point,Bottled Soda,7 - Sunday,2.25,2.25,1.98,17671,
Freezing Point,Bottled Water,1 - Monday,1.5,1.5,1.23,19778,
Freezing Point,Bottled Water,2 - Tuesday,1.5,1.5,1.23,19778,
Freezing Point,Bottled Water,3 - Wednesday,1.5,1.5,1.23,19778,
Freezing Point,Bottled Water,4 - Thursday,1.5,1.5,1.23,19778,
Freezing Point,Bottled Water,5 - Friday,1.5,1.5,1.23,19778,
Freezing Point,Bottled Water,6 - Saturday,1.5,1.5,1.23,19778,
Freezing Point,Bottled Water,7 - Sunday,1.5,1.5,1.23,19778,
Freezing Point,Ice Cream Sandwich,1 - Monday,3,3,2.73,10314,
Freezing Point,Ice Cream Sandwich,2 - Tuesday,3,3,2.73,10314,
Freezing Point,Ice Cream Sandwich,3 - Wednesday,3,3,2.73,10314,
Freezing Point,Ice Cream Sandwich,4 - Thursday,3,3,2.73,10314,
Freezing Point,Ice Cream Sandwich,5 - Friday,3,3,2.73,10314,
Freezing Point,Ice Cream Sandwich,6 - Saturday,3,3,2.73,10314,
Freezing Point,Ice Cream Sandwich,7 - Sunday,3,3,2.73,10334,
Freezing Point,Ice Tea,1 - Monday,2.25,2.25,1.98,17861,
Freezing Point,Ice Tea,2 - Tuesday,2.25,2.25,1.98,17861,
Freezing Point,Ice Tea,3 - Wednesday,2.25,2.25,1.98,17861,
Freezing Point,Ice Tea,4 - Thursday,2.25,2.25,1.98,17861,
Freezing Point,Ice Tea,5 - Friday,2.25,2.25,1.98,17861,
Freezing Point,Ice Tea,6 - Saturday,2.25,2.25,1.98,17861,
Freezing Point,Ice Tea,7 - Sunday,2.25,2.25,1.98,17861,
Freezing Point,Lemonade,1 - Monday,2.63,2.63,1.97,19742,
Freezing Point,Lemonade,2 - Tuesday,2.63,2.63,1.97,19742,
Freezing Point,Lemonade,3 - Wednesday,2.63,2.63,1.97,19742,
Freezing Point,Lemonade,4 - Thursday,2.63,2.63,1.97,19742,
Freezing Point,Lemonade,5 - Friday,2.63,2.63,1.97,19742,
Freezing Point,Lemonade,6 - Saturday,2.63,2.63,1.97,19742,
Freezing Point,Lemonade,7 - Sunday,2.63,2.63,1.97,19742,
Freezing Point,Mango Sticky Rice,1 - Monday,12.34,12.34,11.97,15303,
Freezing Point,Mango Sticky Rice,2 - Tuesday,12.34,12.34,11.97,15303,
Freezing Point,Mango Sticky Rice,3 - Wednesday,12.34,12.34,11.97,15303,
Freezing Point,Mango Sticky Rice,4 - Thursday,12.34,12.34,11.97,15303,
Freezing Point,Mango Sticky Rice,5 - Friday,12.34,12.34,11.97,15303,
Freezing Point,Mango Sticky Rice,6 - Saturday,12.34,12.34,11.97,15303,
Freezing Point,Mango Sticky Rice,7 - Sunday,12.34,12.34,11.97,15303,
Freezing Point,Popsicle,1 - Monday,37.17,37.17,36.8,30049,
Freezing Point,Popsicle,2 - Tuesday,37.17,37.17,36.8,30049,
Freezing Point,Popsicle,3 - Wednesday,37.17,37.17,36.8,30049,
Freezing Point,Popsicle,4 - Thursday,37.17,37.17,36.8,30049,
Freezing Point,Popsicle,5 - Friday,37.17,37.17,36.8,30049,
Freezing Point,Popsicle,6 - Saturday,37.17,37.17,36.8,30049,
Freezing Point,Popsicle,7 - Sunday,37.17,37.17,36.8,30049,
Freezing Point,Sugar Cone,1 - Monday,4.68,4.68,2.62,19401,
Freezing Point,Sugar Cone,2 - Tuesday,4.68,4.68,2.62,19401,
Freezing Point,Sugar Cone,3 - Wednesday,4.68,4.68,2.62,19401,
Freezing Point,Sugar Cone,4 - Thursday,4.68,4.68,2.62,19401,
Freezing Point,Sugar Cone,5 - Friday,4.68,4.68,2.62,19401,
Freezing Point,Sugar Cone,6 - Saturday,4.68,4.68,2.62,19401,
Freezing Point,Sugar Cone,7 - Sunday,4.68,4.68,2.62,19437,
Freezing Point,Two Scoop Bowl,1 - Monday,6.09,6.09,3.78,16302,
Freezing Point,Two Scoop Bowl,2 - Tuesday,6.09,6.09,3.78,16302,
Freezing Point,Two Scoop Bowl,3 - Wednesday,6.09,6.09,3.78,16302,
Freezing Point,Two Scoop Bowl,4 - Thursday,6.09,6.09,3.78,16302,
Freezing Point,Two Scoop Bowl,5 - Friday,6.09,6.09,3.78,16302,
Freezing Point,Two Scoop Bowl,6 - Saturday,6.09,6.09,3.78,16302,
Freezing Point,Two Scoop Bowl,7 - Sunday,6.09,6.09,3.78,16302,
Freezing Point,Waffle Cone,1 - Monday,4.86,4.86,2.62,21459,
Freezing Point,Waffle Cone,2 - Tuesday,4.86,4.86,2.62,21459,
Freezing Point,Waffle Cone,3 - Wednesday,4.86,4.86,2.62,21459,
Freezing Point,Waffle Cone,4 - Thursday,4.86,4.86,2.62,21459,
Freezing Point,Waffle Cone,5 - Friday,4.86,4.86,2.62,21459,
Freezing Point,Waffle Cone,6 - Saturday,4.86,4.86,2.62,21459,
Freezing Point,Waffle Cone,7 - Sunday,4.86,4.86,2.62,21459,
Guac n' Roll,Bottled Soda,1 - Monday,2.25,2.25,1.98,18138,
Guac n' Roll,Bottled Soda,2 - Tuesday,2.25,2.25,1.98,18138,
Guac n' Roll,Bottled Soda,3 - Wednesday,2.25,2.25,1.98,18138,
Guac n' Roll,Bottled Soda,4 - Thursday,2.25,2.25,1.98,18138,
Guac n' Roll,Bottled Soda,5 - Friday,2.25,2.25,1.98,18138,
Guac n' Roll,Bottled Soda,6 - Saturday,2.25,2.25,1.98,18138,
Guac n' Roll,Bottled Soda,7 - Sunday,2.25,2.25,1.98,18138,
Guac n' Roll,Bottled Water,1 - Monday,1.5,1.5,1.23,20138,
Guac n' Roll,Bottled Water,2 - Tuesday,1.5,1.5,1.23,20138,
Guac n' Roll,Bottled Water,3 - Wednesday,1.5,1.5,1.23,20138,
Guac n' Roll,Bottled Water,4 - Thursday,1.5,1.5,1.23,20138,
Guac n' Roll,Bottled Water,5 - Friday,1.5,1.5,1.23,20138,
Guac n' Roll,Bottled Water,6 - Saturday,1.5,1.5,1.23,20138,
Guac n' Roll,Bottled Water,7 - Sunday,1.5,1.5,1.23,20138,
Guac n' Roll,Chicken Burrito,1 - Monday,9.85,9.85,9.1,19616,
Guac n' Roll,Chicken Burrito,2 - Tuesday,10.09,10.09,9.1,13680,
Guac n' Roll,Chicken Burrito,3 - Wednesday,9.94,9.94,9.1,14934,
Guac n' Roll,Chicken Burrito,4 - Thursday,9.94,9.94,9.1,17179,
Guac n' Roll,Chicken Burrito,5 - Friday,10.13,10.13,9.1,13152,
Guac n' Roll,Chicken Burrito,6 - Saturday,11.03,11.03,8.82,13312,
Guac n' Roll,Chicken Burrito,7 - Sunday,11.14,11.14,8.82,18412,
Tasty Tibs,Veggie Combo,4 - Thursday,7.29,7.29,6.48,10309,
Tasty Tibs,Veggie Combo,5 - Friday,7.29,7.29,6.48,16979,
Tasty Tibs,Veggie Combo,6 - Saturday,7.93,7.93,6.48,10862,
Tasty Tibs,Veggie Combo,7 - Sunday,7.93,7.93,6.48,12787,
The Mac Shack,Bottled Soda,1 - Monday,2.25,2.25,1.98,13526,
The Mac Shack,Bottled Soda,2 - Tuesday,2.25,2.25,1.98,13526,
The Mac Shack,Bottled Soda,3 - Wednesday,2.25,2.25,1.98,13526,
The Mac Shack,Bottled Soda,4 - Thursday,2.25,2.25,1.98,13526,
The Mac Shack,Bottled Soda,5 - Friday,2.25,2.25,1.98,13526,
The Mac Shack,Bottled Soda,6 - Saturday,2.25,2.25,1.98,13526,
The Mac Shack,Bottled Soda,7 - Sunday,2.25,2.25,1.98,13526,
The Mac Shack,Bottled Water,1 - Monday,1.5,1.5,1.23,14908,
The Mac Shack,Bottled Water,2 - Tuesday,1.5,1.5,1.23,14908,
The Mac Shack,Bottled Water,3 - Wednesday,1.5,1.5,1.23,14908,
The Mac Shack,Bottled Water,4 - Thursday,1.5,1.5,1.23,14908,
The Mac Shack,Bottled Water,5 - Friday,1.5,1.5,1.23,14908,
The Mac Shack,Bottled Water,6 - Saturday,1.5,1.5,1.23,14908,
The Mac Shack,Bottled Water,7 - Sunday,1.5,1.5,1.23,14908,
The Mac Shack,Buffalo Mac & Cheese,1 - Monday,10.57,10.57,9.54,9942,
The Mac Shack,Buffalo Mac & Cheese,2 - Tuesday,9.83,9.83,9.54,4290,
The Mac Shack,Buffalo Mac & Cheese,3 - Wednesday,10.22,10.22,9.54,10822,
The Mac Shack,Buffalo Mac & Cheese,4 - Thursday,10.42,10.42,9.54,11391,
The Mac Shack,Buffalo Mac & Cheese,5 - Friday,10.42,10.42,9.54,12851,
The Mac Shack,Buffalo Mac & Cheese,6 - Saturday,11.43,11.43,9.54,6486,
The Mac Shack,Buffalo Mac & Cheese,7 - Sunday,11.3,11.3,9.54,11644,
The Mac Shack,Ice Tea,1 - Monday,2.25,2.25,1.98,13342,
The Mac Shack,Ice Tea,2 - Tuesday,2.25,2.25,1.98,13342,
The Mac Shack,Ice Tea,3 - Wednesday,2.25,2.25,1.98,13342,
The Mac Shack,Ice Tea,4 - Thursday,2.25,2.25,1.98,13342,
The Mac Shack,Ice Tea,5 - Friday,2.25,2.25,1.98,13342,
The Mac Shack,Ice Tea,6 - Saturday,2.25,2.25,1.98,13342,
The Mac Shack,Ice Tea,7 - Sunday,2.25,2.25,1.98,13342,
The Mac Shack,Lobster Mac & Cheese,1 - Monday,18.02,18.02,16.42,10050,
The Mac Shack,Lobster Mac & Cheese,2 - Tuesday,17.6,17.6,16.42,7519,
The Mac Shack,Lobster Mac & Cheese,3 - Wednesday,17.43,17.43,16.42,8088,
The Mac Shack,Lobster Mac & Cheese,4 - Thursday,17.77,17.77,16.42,11148,
The Mac Shack,Lobster Mac & Cheese,5 - Friday,17.77,17.77,16.42,9878,
The Mac Shack,Lobster Mac & Cheese,6 - Saturday,19.69,19.69,16.42,9489,
The Mac Shack,Lobster Mac & Cheese,7 - Sunday,19.48,19.48,16.42,7572,
The Mac Shack,Standard Mac & Cheese,1 - Monday,7.1,7.1,6.27,7606,
The Mac Shack,Standard Mac & Cheese,2 - Tuesday,6.77,6.77,6.27,1299,
The Mac Shack,Standard Mac & Cheese,3 - Wednesday,6.86,6.86,6.27,4382,
The Mac Shack,Standard Mac & Cheese,4 - Thursday,7,7,6.27,5887,
The Mac Shack,Standard Mac & Cheese,5 - Friday,7,7,6.27,8216,
The Mac Shack,Standard Mac & Cheese,6 - Saturday,7.34,7.34,6.27,8958,
The Mac Shack,Standard Mac & Cheese,7 - Sunday,7.59,7.59,6.27,9203,
The Mega Melt,Bottled Soda,1 - Monday,2.25,2.25,1.98,7668,
The Mega Melt,Bottled Soda,2 - Tuesday,2.25,2.25,1.98,7668,
The Mega Melt,Bottled Soda,3 - Wednesday,2.25,2.25,1.98,7668,
The Mega Melt,Bottled Soda,4 - Thursday,2.25,2.25,1.98,7668,
The Mega Melt,Bottled Soda,5 - Friday,2.25,2.25,1.98,7668,
The Mega Melt,Bottled Soda,6 - Saturday,2.25,2.25,1.98,7668,
The Mega Melt,Bottled Soda,7 - Sunday,2.25,2.25,1.98,7668,
The Mega Melt,Bottled Water,1 - Monday,1.5,1.5,1.23,8435,
The Mega Melt,Bottled Water,2 - Tuesday,1.5,1.5,1.23,8435,
The Mega Melt,Bottled Water,3 - Wednesday,1.5,1.5,1.23,8435,
The Mega Melt,Bottled Water,4 - Thursday,1.5,1.5,1.23,8435,
The Mega Melt,Bottled Water,5 - Friday,1.5,1.5,1.23,8435,
The Mega Melt,Bottled Water,6 - Saturday,1.5,1.5,1.23,8435,
The Mega Melt,Bottled Water,7 - Sunday,1.5,1.5,1.23,8435,
The Mega Melt,Ice Tea,1 - Monday,2.25,2.25,1.98,7597,
The Mega Melt,Ice Tea,2 - Tuesday,2.25,2.25,1.98,7597,
The Mega Melt,Ice Tea,3 - Wednesday,2.25,2.25,1.98,7597,
The Mega Melt,Ice Tea,4 - Thursday,2.25,2.25,1.98,7597,
The Mega Melt,Ice Tea,5 - Friday,2.25,2.25,1.98,7597,
The Mega Melt,Ice Tea,6 - Saturday,2.25,2.25,1.98,7597,
The Mega Melt,Ice Tea,7 - Sunday,2.25,2.25,1.98,7597,
The Mega Melt,Miss Piggie,1 - Monday,4.61,4.61,4.23,3024,
The Mega Melt,Miss Piggie,2 - Tuesday,4.39,4.39,4.23,1677,
The Mega Melt,Miss Piggie,3 - Wednesday,4.59,4.59,4.23,2755,
The Mega Melt,Miss Piggie,4 - Thursday,4.5,4.5,4.23,1663,
The Mega Melt,Miss Piggie,5 - Friday,4.68,4.68,4.23,2226,
The Mega Melt,Miss Piggie,6 - Saturday,5.01,5.01,4.23,3662,
The Mega Melt,Miss Piggie,7 - Sunday,5.18,5.18,4.23,4502,
The Mega Melt,The Original,1 - Monday,3.85,3.85,3.68,1723,
The Mega Melt,The Original,2 - Tuesday,3.66,3.66,3.45,1320,
The Mega Melt,The Original,3 - Wednesday,3.9,3.9,3.45,1580,
The Mega Melt,The Original,4 - Thursday,3.83,3.83,3.68,1409,
The Mega Melt,The Original,5 - Friday,3.9,3.9,3.45,1780,
The Mega Melt,The Original,6 - Saturday,4.31,4.31,3.45,4293,
The Mega Melt,The Original,7 - Sunday,4.31,4.31,3.45,3723,
The Mega Melt,The Ranch,1 - Monday,9.26,9.26,8.47,2474,
The Mega Melt,The Ranch,2 - Tuesday,8.82,8.82,8.47,2073,
The Mega Melt,The Ranch,3 - Wednesday,9.17,9.17,10.58,2356,
The Mega Melt,The Ranch,4 - Thursday,8.82,8.82,8.47,1940,
The Mega Melt,The Ranch,5 - Friday,9.17,9.17,8.47,2842,
The Mega Melt,The Ranch,6 - Saturday,10.25,10.25,8.47,3514,
The Mega Melt,The Ranch,7 - Sunday,10.14,10.14,8.47,1529,
Plant Palace,Bottled Water,4 - Thursday,1.5,1.5,1.23,15303,
Plant Palace,Bottled Water,5 - Friday,1.5,1.5,1.23,15303,
Plant Palace,Bottled Water,6 - Saturday,1.5,1.5,1.23,15303,
Plant Palace,Bottled Water,7 - Sunday,1.5,1.5,1.23,15303,
Plant Palace,Ice Tea,1 - Monday,2.25,2.25,1.98,13617,
Plant Palace,Ice Tea,2 - Tuesday,2.25,2.25,1.98,13617,
Plant Palace,Ice Tea,3 - Wednesday,2.25,2.25,1.98,13617,
Plant Palace,Ice Tea,4 - Thursday,2.25,2.25,1.98,13617,
Plant Palace,Ice Tea,5 - Friday,2.25,2.25,1.98,13617,
Plant Palace,Ice Tea,6 - Saturday,2.25,2.25,1.98,13617,
Plant Palace,Ice Tea,7 - Sunday,2.25,2.25,1.98,13617,
Plant Palace,Seitan Buffalo Wings,1 - Monday,7.82,7.82,7.51,9414,
Plant Palace,Seitan Buffalo Wings,2 - Tuesday,7.82,7.82,7.51,9414,
Plant Palace,Seitan Buffalo Wings,3 - Wednesday,7.82,7.82,7.51,9414,
Plant Palace,Seitan Buffalo Wings,4 - Thursday,7.82,7.82,7.51,9414,
Plant Palace,Seitan Buffalo Wings,5 - Friday,7.82,7.82,7.51,9727,
Plant Palace,Seitan Buffalo Wings,6 - Saturday,7.82,7.82,7.51,9727,
Plant Palace,Seitan Buffalo Wings,7 - Sunday,7.82,7.82,7.51,9395,
Plant Palace,The Salad of All Salads,1 - Monday,9.68,9.68,8.73,7654,
Plant Palace,The Salad of All Salads,2 - Tuesday,9,9,8.73,3210,
Plant Palace,The Salad of All Salads,3 - Wednesday,9.36,9.36,8.73,7265,
Plant Palace,The Salad of All Salads,4 - Thursday,9.54,9.54,8.73,8655,
Plant Palace,The Salad of All Salads,5 - Friday,9.36,9.36,8.73,8236,
Plant Palace,The Salad of All Salads,6 - Saturday,10.01,10.01,8.73,6883,
Plant Palace,The Salad of All Salads,7 - Sunday,10.46,10.46,8.73,7972,
Plant Palace,Veggie Burger,1 - Monday,7.26,7.26,6.48,7480,
Plant Palace,Veggie Burger,2 - Tuesday,6.92,6.92,6.48,4402,
Plant Palace,Veggie Burger,3 - Wednesday,7.02,7.02,6.48,4954,
Plant Palace,Veggie Burger,4 - Thursday,7.16,7.16,6.48,8788,
Plant Palace,Veggie Burger,5 - Friday,6.89,6.89,6.48,5151,
Plant Palace,Veggie Burger,6 - Saturday,7.76,7.76,6.48,6866,
Plant Palace,Veggie Burger,7 - Sunday,7.76,7.76,6.48,9914,
Revenge of the Curds,Bottled Soda,1 - Monday,2.25,2.25,1.98,14278,
Revenge of the Curds,Bottled Soda,2 - Tuesday,2.25,2.25,1.98,14278,
Revenge of the Curds,Bottled Soda,3 - Wednesday,2.25,2.25,1.98,14278,
Revenge of the Curds,Bottled Soda,4 - Thursday,2.25,2.25,1.98,14278,
Revenge of the Curds,Bottled Soda,5 - Friday,2.25,2.25,1.98,14278,
Revenge of the Curds,Bottled Soda,6 - Saturday,2.25,2.25,1.98,14278,
Revenge of the Curds,Bottled Soda,7 - Sunday,2.25,2.25,1.98,14278,
Revenge of the Curds,Bottled Water,1 - Monday,1.5,1.5,1.23,15851,
Revenge of the Curds,Bottled Water,2 - Tuesday,1.5,1.5,1.23,15851,
Revenge of the Curds,Bottled Water,3 - Wednesday,1.5,1.5,1.23,15851,
Revenge of the Curds,Bottled Water,4 - Thursday,1.5,1.5,1.23,15851,
Revenge of the Curds,Bottled Water,5 - Friday,1.5,1.5,1.23,15851,
Revenge of the Curds,Bottled Water,6 - Saturday,1.5,1.5,1.23,15851,
Revenge of the Curds,Bottled Water,7 - Sunday,1.5,1.5,1.23,15851,
Revenge of the Curds,Ice Tea,1 - Monday,2.25,2.25,1.98,14121,
Revenge of the Curds,Ice Tea,2 - Tuesday,2.25,2.25,1.98,14121,
Revenge of the Curds,Ice Tea,3 - Wednesday,2.25,2.25,1.98,14121,
Revenge of the Curds,Ice Tea,4 - Thursday,2.25,2.25,1.98,14121,
Revenge of the Curds,Ice Tea,5 - Friday,2.25,2.25,1.98,14121,
Revenge of the Curds,Ice Tea,6 - Saturday,2.25,2.25,1.98,14121,
Revenge of the Curds,Ice Tea,7 - Sunday,2.25,2.25,1.98,14121,
Revenge of the Curds,Mothers Favorite,1 - Monday,13.07,13.07,11.79,12489,
Revenge of the Curds,Mothers Favorite,2 - Tuesday,13.07,13.07,11.79,11559,
Revenge of the Curds,Mothers Favorite,3 - Wednesday,13.61,13.61,11.79,8078,
Revenge of the Curds,Mothers Favorite,4 - Thursday,12.64,12.64,11.79,9417,
Revenge of the Curds,Mothers Favorite,5 - Friday,13.13,13.13,11.79,10484,
Revenge of the Curds,Mothers Favorite,6 - Saturday,14.28,14.28,11.79,8049,
Revenge of the Curds,Mothers Favorite,7 - Sunday,14.28,14.28,11.79,9925,
Revenge of the Curds,The Classic,1 - Monday,9.9,9.9,8.73,11087,
Revenge of the Curds,The Classic,2 - Tuesday,9.68,9.68,8.73,10537,
Revenge of the Curds,The Classic,3 - Wednesday,9.9,9.9,8.73,6523,
Revenge of the Curds,The Classic,4 - Thursday,9.36,9.36,8.73,8611,
Revenge of the Curds,The Classic,5 - Friday,9.72,9.72,8.73,10171,
Revenge of the Curds,The Classic,6 - Saturday,10.58,10.58,8.73,6133,
Revenge of the Curds,The Classic,7 - Sunday,10.58,10.58,8.73,9328,
Revenge of the Curds,The Kitchen Sink,1 - Monday,16.29,16.29,14.51,10024,
Revenge of the Curds,The Kitchen Sink,2 - Tuesday,16.29,16.29,14.51,9025,
Revenge of the Curds,The Kitchen Sink,3 - Wednesday,16.29,16.29,14.51,8116,
Revenge of the Curds,The Kitchen Sink,4 - Thursday,15.7,15.7,14.51,8796,
Revenge of the Curds,The Kitchen Sink,5 - Friday,15.99,15.99,14.51,7237,
Revenge of the Curds,The Kitchen Sink,6 - Saturday,17.4,17.4,14.51,4254,
Revenge of the Curds,The Kitchen Sink,7 - Sunday,17.4,17.4,14.51,9226,
Smoky BBQ,Bottled Soda,1 - Monday,2.25,2.25,1.98,32431,
Smoky BBQ,Bottled Soda,2 - Tuesday,2.25,2.25,1.98,32431,
Smoky BBQ,Bottled Soda,3 - Wednesday,2.25,2.25,1.98,32431,
Smoky BBQ,Bottled Soda,4 - Thursday,2.25,2.25,1.98,32431,
Smoky BBQ,Bottled Soda,5 - Friday,2.25,2.25,1.98,32431,
Smoky BBQ,Bottled Soda,6 - Saturday,2.25,2.25,1.98,32431,
Smoky BBQ,Bottled Soda,7 - Sunday,2.25,2.25,1.98,32431,
Smoky BBQ,Bottled Water,1 - Monday,1.5,1.5,1.23,36285,
Smoky BBQ,Bottled Water,2 - Tuesday,1.5,1.5,1.23,36285,
Smoky BBQ,Bottled Water,3 - Wednesday,1.5,1.5,1.23,36285,
Smoky BBQ,Bottled Water,4 - Thursday,1.5,1.5,1.23,36285,
Smoky BBQ,Bottled Water,5 - Friday,1.5,1.5,1.23,36285,
Smoky BBQ,Bottled Water,6 - Saturday,1.5,1.5,1.23,36285,
Smoky BBQ,Bottled Water,7 - Sunday,1.5,1.5,1.23,36285,
